{"acc": 0.8503841458247001, "loss": 0.11622083187485899, "_timestamp": 1712251978.2865899, "_runtime": 3.3917808532714844, "_step": 7, "_wandb": {"runtime": 2}}